商品名: 2989.JP+ダストリ-PP【山崎産業掃除ちりとりチリトリ】,URL: https://item.rakuten.co.jp/ayahadio/4903180175895/,価格: 1958円
商品名: グリーンECO バンブーハンドルハンディダスター フェザー YNLY4010 SPICE(スパイス),URL: https://item.rakuten.co.jp/n-plots/th4548815012741/,価格: 1697円
商品名: テラモト　自在ホーキスペア60cm　（1個）　品番：CL-381-230-0,URL: https://item.rakuten.co.jp/kougland2/ts_2972344/,価格: 944円
商品名: 【送料無料】ピエニュ　フローリング　クリーナー　伸縮　【モップ】細かいホコリも絡め取る！フローリングクリーナー 【送料無料・送料込】,URL: https://item.rakuten.co.jp/cocoiro/jan4976508130272/,価格: 2664円
商品名: 千吉 園芸 万能ホーキ(ほうき) 混穂 短柄 SGB-10(1本入)【千吉】,URL: https://item.rakuten.co.jp/kenkocom/e529918h/,価格: 741円
商品名: TRUSCO(トラスコ) ほうき・モップキャッチ 1個売り THMC,URL: https://item.rakuten.co.jp/mutsuura/10297475/,価格: 220円
商品名: 【箒】 スーパーホーキ(アプソン)[店舗 オフィスビル 商業施設 ホテル],URL: https://item.rakuten.co.jp/osouji-channel/14880/,価格: 1113円
商品名: 棕櫚 鬼毛 ミニ箒【しゅろ 棕櫚 ほうき 和室 インテリア そうじ 畳 座敷箒 おしゃれ 荒神箒 】,URL: https://item.rakuten.co.jp/moritasyoutenn/10000094/,価格: 744円
商品名: アズマ工業 テーブルホーキ (ちりとり セット) AG710,URL: https://item.rakuten.co.jp/yamakishi/11596042/,価格: 574円
商品名: アズマ工業　チリトリ付き座敷ホーキL　AZ109,URL: https://item.rakuten.co.jp/daily-goods/azuma-122270/,価格: 1100円
